active_license_count,business_category_dealer_in_products_for_the_disabled,business_category_debt_collection_agency,business_category_electronic_and_home_appliance_service_dealer,business_category_electronic_cigarette_dealer,business_category_electronics_store,business_category_employment_agency,business_category_garage_and_parking_lot,business_category_home_improvement_contractor,business_category_pawnbroker,business_category_secondhand_dealer_auto,business_category_secondhand_dealer_general,business_category_stoop_line_stand,business_category_tobacco_retail_dealer,location_cluster,location_cluster_lat,location_cluster_lng,business_latitude,business_longitude,survived_36m
1.0,1.0,0.0,0.0,0.0,0.0,0.0,0.0,0.0,0.0,0.0,0.0,0.0,0.0,14.0,40.60165333333333,-73.92888733333334,40.5886,-73.952525,0
1.0,1.0,0.0,0.0,0.0,0.0,0.0,0.0,0.0,0.0,0.0,0.0,0.0,0.0,11.0,40.69521666666667,-73.80351725,40.70684,-73.831763,0
1.0,0.0,0.0,0.0,0.0,0.0,0.0,0.0,0.0,0.0,0.0,1.0,0.0,0.0,22.0,40.746206666666666,-73.90324133333333,40.75035,-73.905035,0
1.0,0.0,0.0,0.0,0.0,0.0,0.0,0.0,0.0,0.0,0.0,0.0,0.0,1.0,16.0,40.75307,-73.981376875,40.7507,-73.998257,1
1.0,0.0,0.0,0.0,0.0,1.0,0.0,0.0,0.0,0.0,0.0,0.0,0.0,0.0,8.0,40.84696875,-73.925658875,40.83601,-73.922122,0
1.0,0.0,0.0,0.0,0.0,0.0,0.0,0.0,0.0,0.0,0.0,0.0,1.0,0.0,17.0,40.84224090909091,-73.87085736363636,40.84533,-73.883152,1
1.0,0.0,0.0,0.0,0.0,1.0,0.0,0.0,0.0,0.0,0.0,0.0,0.0,0.0,14.0,40.60165333333333,-73.92888733333334,40.61006,-73.922094,1
1.0,0.0,0.0,0.0,0.0,0.0,0.0,0.0,0.0,0.0,1.0,0.0,0.0,0.0,22.0,40.746206666666666,-73.90324133333333,40.73884,-73.888359,1
1.0,0.0,0.0,0.0,0.0,0.0,0.0,0.0,0.0,0.0,0.0,1.0,0.0,0.0,3.0,40.61154333333333,-74.14161566666667,40.63766,-74.162348,0
1.0,0.0,0.0,0.0,0.0,1.0,0.0,0.0,0.0,0.0,0.0,0.0,0.0,0.0,8.0,40.84696875,-73.925658875,40.85403,-73.930303,0
1.0,0.0,0.0,0.0,0.0,1.0,0.0,0.0,0.0,0.0,0.0,0.0,0.0,0.0,8.0,40.84696875,-73.925658875,40.85403,-73.930303,0
1.0,0.0,0.0,0.0,0.0,1.0,0.0,0.0,0.0,0.0,0.0,0.0,0.0,0.0,8.0,40.84696875,-73.925658875,40.83601,-73.922122,0
1.0,0.0,0.0,0.0,0.0,1.0,0.0,0.0,0.0,0.0,0.0,0.0,0.0,0.0,15.0,40.603134999999995,-73.753136,40.60333,-73.753074,1
1.0,0.0,0.0,0.0,0.0,0.0,0.0,0.0,0.0,0.0,0.0,1.0,0.0,0.0,3.0,40.61154333333333,-74.14161566666667,40.63766,-74.162348,0
1.0,0.0,0.0,0.0,0.0,0.0,0.0,0.0,0.0,0.0,0.0,1.0,0.0,0.0,0.0,40.73849875,-73.940838125,40.71709,-73.957999,1
1.0,0.0,0.0,0.0,0.0,1.0,0.0,0.0,0.0,0.0,0.0,0.0,0.0,0.0,8.0,40.84696875,-73.925658875,40.83601,-73.922122,0
1.0,0.0,0.0,0.0,0.0,1.0,0.0,0.0,0.0,0.0,0.0,0.0,0.0,0.0,23.0,40.79489,-73.95616914285714,40.79884,-73.942157,0
1.0,0.0,0.0,0.0,0.0,0.0,0.0,0.0,0.0,0.0,0.0,1.0,0.0,0.0,1.0,40.87288142857143,-73.83114171428572,40.88649,-73.826571,1
1.0,0.0,0.0,0.0,0.0,0.0,0.0,0.0,0.0,0.0,0.0,0.0,1.0,0.0,11.0,40.69521666666667,-73.80351725,40.68257,-73.81406,1
1.0,0.0,0.0,0.0,0.0,0.0,0.0,0.0,0.0,0.0,0.0,0.0,0.0,1.0,8.0,40.84696875,-73.925658875,40.84698,-73.920465,1
1.0,0.0,0.0,0.0,0.0,0.0,0.0,0.0,1.0,0.0,0.0,0.0,0.0,0.0,10.0,40.676328,-73.8447596,40.64939,-73.844208,1
1.0,0.0,0.0,0.0,0.0,0.0,0.0,0.0,1.0,0.0,0.0,0.0,0.0,0.0,16.0,40.75307,-73.981376875,40.7626,-73.97846,1
1.0,0.0,0.0,0.0,0.0,1.0,0.0,0.0,0.0,0.0,0.0,0.0,0.0,0.0,8.0,40.84696875,-73.925658875,40.83601,-73.922122,0
1.0,0.0,0.0,0.0,0.0,0.0,0.0,0.0,0.0,0.0,0.0,1.0,0.0,0.0,22.0,40.746206666666666,-73.90324133333333,40.75035,-73.905035,0
1.0,0.0,0.0,0.0,0.0,0.0,0.0,0.0,1.0,0.0,0.0,0.0,0.0,0.0,2.0,40.734088,-73.7323966,40.7231,-73.750902,1
1.0,0.0,0.0,0.0,0.0,1.0,0.0,0.0,0.0,0.0,0.0,0.0,0.0,0.0,8.0,40.84696875,-73.925658875,40.85403,-73.930303,0
1.0,1.0,0.0,0.0,0.0,0.0,0.0,0.0,0.0,0.0,0.0,0.0,0.0,0.0,14.0,40.60165333333333,-73.92888733333334,40.5886,-73.952525,0
1.0,0.0,0.0,0.0,0.0,0.0,0.0,0.0,0.0,0.0,0.0,0.0,1.0,0.0,18.0,40.6902375,-73.918224,40.70546,-73.906657,1
1.0,0.0,0.0,0.0,0.0,0.0,0.0,0.0,0.0,0.0,0.0,1.0,0.0,0.0,16.0,40.75307,-73.981376875,40.7481,-73.9935,1
1.0,0.0,0.0,0.0,0.0,0.0,0.0,0.0,1.0,0.0,0.0,0.0,0.0,0.0,1.0,40.87288142857143,-73.83114171428572,40.87842,-73.848195,1
1.0,0.0,0.0,0.0,0.0,0.0,0.0,0.0,0.0,0.0,0.0,1.0,0.0,0.0,22.0,40.746206666666666,-73.90324133333333,40.75035,-73.905035,0
1.0,0.0,0.0,0.0,0.0,0.0,0.0,0.0,1.0,0.0,0.0,0.0,0.0,0.0,11.0,40.69521666666667,-73.80351725,40.67421,-73.803585,1
1.0,0.0,0.0,0.0,0.0,0.0,0.0,0.0,1.0,0.0,0.0,0.0,0.0,0.0,12.0,40.52455333333334,-74.23205866666666,40.51395,-74.245876,1
1.0,1.0,0.0,0.0,0.0,0.0,0.0,0.0,0.0,0.0,0.0,0.0,0.0,0.0,11.0,40.69521666666667,-73.80351725,40.70684,-73.831763,0
1.0,0.0,0.0,0.0,0.0,0.0,0.0,0.0,0.0,0.0,0.0,1.0,0.0,0.0,3.0,40.61154333333333,-74.14161566666667,40.63766,-74.162348,0
1.0,1.0,0.0,0.0,0.0,0.0,0.0,0.0,0.0,0.0,0.0,0.0,0.0,0.0,11.0,40.69521666666667,-73.80351725,40.70684,-73.831763,0
1.0,0.0,0.0,0.0,0.0,0.0,0.0,0.0,1.0,0.0,0.0,0.0,0.0,0.0,16.0,40.75307,-73.981376875,40.72077,-73.995379,1
1.0,1.0,0.0,0.0,0.0,0.0,0.0,0.0,0.0,0.0,0.0,0.0,0.0,0.0,10.0,40.676328,-73.8447596,40.68892,-73.840365,0
1.0,0.0,0.0,0.0,0.0,0.0,0.0,0.0,1.0,0.0,0.0,0.0,0.0,0.0,9.0,40.65842,-73.458754,40.65842,-73.458754,1
1.0,0.0,0.0,0.0,0.0,0.0,0.0,0.0,0.0,0.0,0.0,0.0,0.0,1.0,0.0,40.73849875,-73.940838125,40.75651,-73.929615,1
1.0,0.0,0.0,0.0,0.0,0.0,0.0,0.0,0.0,0.0,0.0,1.0,0.0,0.0,3.0,40.61154333333333,-74.14161566666667,40.63766,-74.162348,0
1.0,0.0,0.0,0.0,0.0,0.0,0.0,0.0,1.0,0.0,0.0,0.0,0.0,0.0,17.0,40.84224090909091,-73.87085736363636,40.86364,-73.85684,1
1.0,0.0,0.0,0.0,0.0,0.0,0.0,0.0,0.0,0.0,0.0,1.0,0.0,0.0,22.0,40.746206666666666,-73.90324133333333,40.75035,-73.905035,0
1.0,0.0,0.0,0.0,0.0,0.0,0.0,0.0,1.0,0.0,0.0,0.0,0.0,0.0,20.0,40.6688275,-73.7492785,40.66,-73.731693,1
1.0,0.0,0.0,0.0,0.0,0.0,0.0,0.0,0.0,0.0,0.0,0.0,0.0,1.0,12.0,40.52455333333334,-74.23205866666666,40.51659,-74.232586,1
1.0,0.0,0.0,0.0,0.0,0.0,0.0,0.0,1.0,0.0,0.0,0.0,0.0,0.0,7.0,40.629856,-73.9892658,40.59657,-73.976911,1
1.0,1.0,0.0,0.0,0.0,0.0,0.0,0.0,0.0,0.0,0.0,0.0,0.0,0.0,11.0,40.69521666666667,-73.80351725,40.70684,-73.831763,0
1.0,0.0,0.0,0.0,0.0,0.0,0.0,0.0,1.0,0.0,0.0,0.0,0.0,0.0,4.0,40.73723444444445,-73.86654677777777,40.75352,-73.86344,0
1.0,1.0,0.0,0.0,0.0,0.0,0.0,0.0,0.0,0.0,0.0,0.0,0.0,0.0,11.0,40.69521666666667,-73.80351725,40.70684,-73.831763,0
1.0,0.0,0.0,0.0,0.0,0.0,0.0,0.0,0.0,0.0,0.0,1.0,0.0,0.0,16.0,40.75307,-73.981376875,40.75704,-73.97778,1
1.0,0.0,0.0,0.0,0.0,1.0,0.0,0.0,0.0,0.0,0.0,0.0,0.0,0.0,23.0,40.79489,-73.95616914285714,40.79884,-73.942157,0
1.0,0.0,0.0,0.0,0.0,1.0,0.0,0.0,0.0,0.0,0.0,0.0,0.0,0.0,16.0,40.75307,-73.981376875,40.76507,-73.964009,1
1.0,0.0,0.0,0.0,0.0,0.0,0.0,0.0,0.0,0.0,0.0,0.0,0.0,1.0,17.0,40.84224090909091,-73.87085736363636,40.84492,-73.867532,1
1.0,0.0,0.0,0.0,0.0,1.0,0.0,0.0,0.0,0.0,0.0,0.0,0.0,0.0,8.0,40.84696875,-73.925658875,40.85403,-73.930303,0
1.0,0.0,0.0,0.0,0.0,0.0,0.0,0.0,1.0,0.0,0.0,0.0,0.0,0.0,2.0,40.734088,-73.7323966,40.76545,-73.732073,1
1.0,0.0,0.0,0.0,0.0,1.0,0.0,0.0,0.0,0.0,0.0,0.0,0.0,0.0,8.0,40.84696875,-73.925658875,40.85403,-73.930303,0
1.0,0.0,0.0,1.0,0.0,0.0,0.0,0.0,0.0,0.0,0.0,0.0,0.0,0.0,18.0,40.6902375,-73.918224,40.68378,-73.932778,1
1.0,0.0,0.0,0.0,0.0,0.0,0.0,0.0,0.0,0.0,0.0,0.0,0.0,1.0,18.0,40.6902375,-73.918224,40.68055,-73.908509,1
1.0,0.0,0.0,0.0,0.0,0.0,0.0,0.0,0.0,0.0,0.0,0.0,0.0,1.0,22.0,40.746206666666666,-73.90324133333333,40.77477,-73.908997,1
1.0,1.0,0.0,0.0,0.0,0.0,0.0,0.0,0.0,0.0,0.0,0.0,0.0,0.0,11.0,40.69521666666667,-73.80351725,40.70684,-73.831763,0
1.0,1.0,0.0,0.0,0.0,0.0,0.0,0.0,0.0,0.0,0.0,0.0,0.0,0.0,11.0,40.69521666666667,-73.80351725,40.70684,-73.831763,0
1.0,0.0,0.0,0.0,0.0,0.0,0.0,0.0,1.0,0.0,0.0,0.0,0.0,0.0,4.0,40.73723444444445,-73.86654677777777,40.75352,-73.86344,0
1.0,0.0,0.0,0.0,0.0,0.0,0.0,0.0,0.0,0.0,0.0,1.0,0.0,0.0,3.0,40.61154333333333,-74.14161566666667,40.63766,-74.162348,0
1.0,0.0,0.0,0.0,0.0,0.0,0.0,0.0,0.0,0.0,0.0,1.0,0.0,0.0,22.0,40.746206666666666,-73.90324133333333,40.75035,-73.905035,0
2.0,0.0,0.0,1.0,0.0,1.0,0.0,0.0,0.0,0.0,0.0,0.0,0.0,0.0,8.0,40.84696875,-73.925658875,40.83976,-73.916509,1
1.0,0.0,0.0,0.0,0.0,0.0,0.0,0.0,1.0,0.0,0.0,0.0,0.0,0.0,12.0,40.52455333333334,-74.23205866666666,40.54312,-74.217714,1
1.0,0.0,0.0,0.0,0.0,1.0,0.0,0.0,0.0,0.0,0.0,0.0,0.0,0.0,23.0,40.79489,-73.95616914285714,40.79884,-73.942157,0
1.0,1.0,0.0,0.0,0.0,0.0,0.0,0.0,0.0,0.0,0.0,0.0,0.0,0.0,14.0,40.60165333333333,-73.92888733333334,40.5886,-73.952525,0
1.0,1.0,0.0,0.0,0.0,0.0,0.0,0.0,0.0,0.0,0.0,0.0,0.0,0.0,11.0,40.69521666666667,-73.80351725,40.70684,-73.831763,0
1.0,0.0,0.0,0.0,0.0,0.0,0.0,0.0,1.0,0.0,0.0,0.0,0.0,0.0,17.0,40.84224090909091,-73.87085736363636,40.84255,-73.85269,1
1.0,0.0,0.0,0.0,0.0,1.0,0.0,0.0,0.0,0.0,0.0,0.0,0.0,0.0,8.0,40.84696875,-73.925658875,40.83601,-73.922122,0
1.0,0.0,0.0,0.0,0.0,0.0,0.0,0.0,0.0,0.0,0.0,0.0,0.0,1.0,19.0,40.813798,-73.9137544,40.81447,-73.915215,1
1.0,0.0,0.0,0.0,0.0,0.0,0.0,0.0,0.0,0.0,0.0,1.0,0.0,0.0,3.0,40.61154333333333,-74.14161566666667,40.63766,-74.162348,0
1.0,0.0,0.0,0.0,0.0,0.0,0.0,1.0,0.0,0.0,0.0,0.0,0.0,0.0,4.0,40.73723444444445,-73.86654677777777,40.70957,-73.869229,1
1.0,0.0,0.0,0.0,0.0,1.0,0.0,0.0,0.0,0.0,0.0,0.0,0.0,0.0,8.0,40.84696875,-73.925658875,40.83601,-73.922122,0
1.0,0.0,0.0,0.0,0.0,0.0,0.0,0.0,0.0,0.0,0.0,0.0,1.0,0.0,8.0,40.84696875,-73.925658875,40.85541,-73.929286,1
1.0,0.0,0.0,0.0,0.0,0.0,0.0,0.0,1.0,0.0,0.0,0.0,0.0,0.0,4.0,40.73723444444445,-73.86654677777777,40.75352,-73.86344,0
1.0,1.0,0.0,0.0,0.0,0.0,0.0,0.0,0.0,0.0,0.0,0.0,0.0,0.0,10.0,40.676328,-73.8447596,40.68892,-73.840365,0
1.0,0.0,0.0,0.0,0.0,0.0,0.0,0.0,1.0,0.0,0.0,0.0,0.0,0.0,2.0,40.734088,-73.7323966,40.73703,-73.715115,1
2.0,0.0,0.0,0.0,0.0,0.0,0.0,0.0,0.0,1.0,0.0,1.0,0.0,0.0,17.0,40.84224090909091,-73.87085736363636,40.83417,-73.852029,1
1.0,1.0,0.0,0.0,0.0,0.0,0.0,0.0,0.0,0.0,0.0,0.0,0.0,0.0,14.0,40.60165333333333,-73.92888733333334,40.5886,-73.952525,0
1.0,0.0,0.0,0.0,0.0,1.0,0.0,0.0,0.0,0.0,0.0,0.0,0.0,0.0,10.0,40.676328,-73.8447596,40.68029,-73.841778,1
1.0,0.0,0.0,0.0,0.0,0.0,0.0,0.0,1.0,0.0,0.0,0.0,0.0,0.0,11.0,40.69521666666667,-73.80351725,40.70912,-73.797827,1
1.0,1.0,0.0,0.0,0.0,0.0,0.0,0.0,0.0,0.0,0.0,0.0,0.0,0.0,10.0,40.676328,-73.8447596,40.68892,-73.840365,0
1.0,0.0,0.0,0.0,0.0,0.0,0.0,0.0,1.0,0.0,0.0,0.0,0.0,0.0,4.0,40.73723444444445,-73.86654677777777,40.75352,-73.86344,0
1.0,0.0,0.0,0.0,0.0,0.0,0.0,0.0,0.0,0.0,0.0,1.0,0.0,0.0,22.0,40.746206666666666,-73.90324133333333,40.75704,-73.914869,1
1.0,0.0,0.0,0.0,0.0,1.0,0.0,0.0,0.0,0.0,0.0,0.0,0.0,0.0,8.0,40.84696875,-73.925658875,40.85403,-73.930303,0
1.0,0.0,0.0,0.0,0.0,0.0,0.0,0.0,1.0,0.0,0.0,0.0,0.0,0.0,11.0,40.69521666666667,-73.80351725,40.67071,-73.813095,1
1.0,1.0,0.0,0.0,0.0,0.0,0.0,0.0,0.0,0.0,0.0,0.0,0.0,0.0,14.0,40.60165333333333,-73.92888733333334,40.5886,-73.952525,0
1.0,0.0,0.0,0.0,0.0,1.0,0.0,0.0,0.0,0.0,0.0,0.0,0.0,0.0,8.0,40.84696875,-73.925658875,40.83601,-73.922122,0
1.0,0.0,0.0,0.0,0.0,1.0,0.0,0.0,0.0,0.0,0.0,0.0,0.0,0.0,23.0,40.79489,-73.95616914285714,40.79884,-73.942157,0
1.0,0.0,0.0,1.0,0.0,0.0,0.0,0.0,0.0,0.0,0.0,0.0,0.0,0.0,4.0,40.73723444444445,-73.86654677777777,40.73385,-73.871578,1
1.0,0.0,0.0,0.0,0.0,0.0,0.0,0.0,0.0,0.0,0.0,1.0,0.0,0.0,22.0,40.746206666666666,-73.90324133333333,40.75035,-73.905035,0
1.0,0.0,0.0,0.0,0.0,0.0,0.0,0.0,0.0,0.0,0.0,1.0,0.0,0.0,22.0,40.746206666666666,-73.90324133333333,40.75035,-73.905035,0
1.0,0.0,0.0,0.0,0.0,1.0,0.0,0.0,0.0,0.0,0.0,0.0,0.0,0.0,7.0,40.629856,-73.9892658,40.64321,-74.001549,1
1.0,1.0,0.0,0.0,0.0,0.0,0.0,0.0,0.0,0.0,0.0,0.0,0.0,0.0,11.0,40.69521666666667,-73.80351725,40.70684,-73.831763,0
1.0,0.0,0.0,0.0,0.0,0.0,0.0,0.0,0.0,0.0,0.0,0.0,0.0,1.0,23.0,40.79489,-73.95616914285714,40.78938,-73.943332,1
1.0,0.0,0.0,0.0,0.0,1.0,0.0,0.0,0.0,0.0,0.0,0.0,0.0,0.0,8.0,40.84696875,-73.925658875,40.84898,-73.932936,1
1.0,0.0,0.0,0.0,0.0,1.0,0.0,0.0,0.0,0.0,0.0,0.0,0.0,0.0,8.0,40.84696875,-73.925658875,40.85403,-73.930303,0
1.0,0.0,0.0,0.0,0.0,0.0,0.0,0.0,0.0,0.0,0.0,0.0,0.0,1.0,11.0,40.69521666666667,-73.80351725,40.6957,-73.79816,1
1.0,0.0,0.0,0.0,0.0,0.0,0.0,0.0,0.0,0.0,0.0,0.0,0.0,1.0,20.0,40.6688275,-73.7492785,40.67513,-73.737508,1
1.0,0.0,0.0,0.0,0.0,0.0,0.0,0.0,1.0,0.0,0.0,0.0,0.0,0.0,4.0,40.73723444444445,-73.86654677777777,40.75352,-73.86344,0
1.0,1.0,0.0,0.0,0.0,0.0,0.0,0.0,0.0,0.0,0.0,0.0,0.0,0.0,10.0,40.676328,-73.8447596,40.68892,-73.840365,0
1.0,0.0,0.0,0.0,0.0,0.0,0.0,0.0,1.0,0.0,0.0,0.0,0.0,0.0,21.0,40.76708,-73.81396075,40.75568,-73.775256,1
1.0,0.0,0.0,0.0,0.0,1.0,0.0,0.0,0.0,0.0,0.0,0.0,0.0,0.0,1.0,40.87288142857143,-73.83114171428572,40.89761,-73.854977,1
1.0,0.0,0.0,0.0,0.0,1.0,0.0,0.0,0.0,0.0,0.0,0.0,0.0,0.0,23.0,40.79489,-73.95616914285714,40.79884,-73.942157,0
1.0,0.0,0.0,0.0,0.0,1.0,0.0,0.0,0.0,0.0,0.0,0.0,0.0,0.0,19.0,40.813798,-73.9137544,40.80941,-73.922655,1
1.0,0.0,0.0,0.0,0.0,0.0,0.0,0.0,0.0,0.0,0.0,0.0,0.0,1.0,17.0,40.84224090909091,-73.87085736363636,40.84649,-73.89194,1
1.0,0.0,0.0,0.0,1.0,0.0,0.0,0.0,0.0,0.0,0.0,0.0,0.0,0.0,0.0,40.73849875,-73.940838125,40.75647,-73.929535,1
1.0,0.0,0.0,0.0,0.0,0.0,1.0,0.0,0.0,0.0,0.0,0.0,0.0,0.0,16.0,40.75307,-73.981376875,40.75182,-73.97576,1
1.0,1.0,0.0,0.0,0.0,0.0,0.0,0.0,0.0,0.0,0.0,0.0,0.0,0.0,14.0,40.60165333333333,-73.92888733333334,40.5886,-73.952525,0
1.0,0.0,0.0,0.0,0.0,0.0,0.0,0.0,1.0,0.0,0.0,0.0,0.0,0.0,24.0,40.89168,-73.90449100000001,40.90522,-73.903627,1
1.0,0.0,0.0,0.0,0.0,1.0,0.0,0.0,0.0,0.0,0.0,0.0,0.0,0.0,15.0,40.603134999999995,-73.753136,40.60294,-73.753198,1
1.0,0.0,0.0,0.0,0.0,0.0,0.0,0.0,1.0,0.0,0.0,0.0,0.0,0.0,4.0,40.73723444444445,-73.86654677777777,40.75352,-73.86344,0
1.0,0.0,0.0,0.0,0.0,0.0,0.0,0.0,1.0,0.0,0.0,0.0,0.0,0.0,4.0,40.73723444444445,-73.86654677777777,40.75352,-73.86344,0
1.0,0.0,0.0,0.0,0.0,0.0,0.0,0.0,0.0,0.0,0.0,1.0,0.0,0.0,23.0,40.79489,-73.95616914285714,40.793,-73.940143,1
1.0,0.0,0.0,0.0,0.0,0.0,0.0,0.0,0.0,0.0,0.0,1.0,0.0,0.0,22.0,40.746206666666666,-73.90324133333333,40.73545,-73.894805,1
1.0,0.0,0.0,0.0,0.0,1.0,0.0,0.0,0.0,0.0,0.0,0.0,0.0,0.0,23.0,40.79489,-73.95616914285714,40.79884,-73.942157,0
1.0,0.0,0.0,0.0,0.0,0.0,0.0,0.0,0.0,0.0,0.0,1.0,0.0,0.0,3.0,40.61154333333333,-74.14161566666667,40.63766,-74.162348,0
1.0,0.0,0.0,0.0,0.0,0.0,0.0,0.0,0.0,0.0,0.0,1.0,0.0,0.0,11.0,40.69521666666667,-73.80351725,40.69585,-73.820969,1
1.0,0.0,0.0,0.0,0.0,0.0,0.0,1.0,0.0,0.0,0.0,0.0,0.0,0.0,23.0,40.79489,-73.95616914285714,40.8001,-73.962848,1
1.0,0.0,0.0,0.0,0.0,0.0,0.0,0.0,1.0,0.0,0.0,0.0,0.0,0.0,8.0,40.84696875,-73.925658875,40.85524,-73.938229,1
1.0,0.0,0.0,0.0,0.0,0.0,0.0,0.0,1.0,0.0,0.0,0.0,0.0,0.0,10.0,40.676328,-73.8447596,40.66996,-73.84372,1
1.0,0.0,0.0,0.0,0.0,0.0,0.0,0.0,1.0,0.0,0.0,0.0,0.0,0.0,4.0,40.73723444444445,-73.86654677777777,40.75352,-73.86344,0
1.0,0.0,0.0,0.0,0.0,0.0,0.0,0.0,0.0,0.0,0.0,1.0,0.0,0.0,3.0,40.61154333333333,-74.14161566666667,40.63766,-74.162348,0
1.0,0.0,0.0,0.0,0.0,0.0,0.0,0.0,1.0,0.0,0.0,0.0,0.0,0.0,16.0,40.75307,-73.981376875,40.76846,-73.96787,1
1.0,0.0,0.0,0.0,0.0,1.0,0.0,0.0,0.0,0.0,0.0,0.0,0.0,0.0,8.0,40.84696875,-73.925658875,40.83601,-73.922122,0
1.0,0.0,0.0,0.0,0.0,0.0,0.0,0.0,0.0,0.0,0.0,1.0,0.0,0.0,22.0,40.746206666666666,-73.90324133333333,40.75035,-73.905035,0
1.0,0.0,0.0,0.0,0.0,0.0,0.0,1.0,0.0,0.0,0.0,0.0,0.0,0.0,0.0,40.73849875,-73.940838125,40.7159,-73.954602,1
1.0,0.0,0.0,0.0,0.0,0.0,0.0,0.0,0.0,0.0,0.0,1.0,0.0,0.0,22.0,40.746206666666666,-73.90324133333333,40.75035,-73.905035,0
1.0,0.0,0.0,0.0,0.0,1.0,0.0,0.0,0.0,0.0,0.0,0.0,0.0,0.0,11.0,40.69521666666667,-73.80351725,40.71048,-73.793617,1
1.0,0.0,0.0,0.0,0.0,0.0,0.0,0.0,0.0,0.0,0.0,1.0,0.0,0.0,22.0,40.746206666666666,-73.90324133333333,40.75035,-73.905035,0
1.0,1.0,0.0,0.0,0.0,0.0,0.0,0.0,0.0,0.0,0.0,0.0,0.0,0.0,10.0,40.676328,-73.8447596,40.68892,-73.840365,0
1.0,1.0,0.0,0.0,0.0,0.0,0.0,0.0,0.0,0.0,0.0,0.0,0.0,0.0,14.0,40.60165333333333,-73.92888733333334,40.5886,-73.952525,0
1.0,0.0,0.0,0.0,0.0,0.0,0.0,0.0,1.0,0.0,0.0,0.0,0.0,0.0,3.0,40.61154333333333,-74.14161566666667,40.60112,-74.16644,1
1.0,1.0,0.0,0.0,0.0,0.0,0.0,0.0,0.0,0.0,0.0,0.0,0.0,0.0,4.0,40.73723444444445,-73.86654677777777,40.73239,-73.867665,1
1.0,0.0,1.0,0.0,0.0,0.0,0.0,0.0,0.0,0.0,0.0,0.0,0.0,0.0,7.0,40.629856,-73.9892658,40.61026,-74.007628,1
1.0,0.0,0.0,0.0,0.0,0.0,0.0,0.0,1.0,0.0,0.0,0.0,0.0,0.0,1.0,40.87288142857143,-73.83114171428572,40.85141,-73.785889,1
1.0,0.0,0.0,0.0,0.0,0.0,0.0,0.0,1.0,0.0,0.0,0.0,0.0,0.0,4.0,40.73723444444445,-73.86654677777777,40.75352,-73.86344,0
1.0,0.0,0.0,0.0,0.0,0.0,0.0,0.0,0.0,0.0,0.0,0.0,1.0,0.0,17.0,40.84224090909091,-73.87085736363636,40.83622,-73.888441,1
1.0,0.0,0.0,0.0,0.0,0.0,0.0,0.0,1.0,0.0,0.0,0.0,0.0,0.0,0.0,40.73849875,-73.940838125,40.74458,-73.956448,1
1.0,1.0,0.0,0.0,0.0,0.0,0.0,0.0,0.0,0.0,0.0,0.0,0.0,0.0,11.0,40.69521666666667,-73.80351725,40.70684,-73.831763,0
1.0,1.0,0.0,0.0,0.0,0.0,0.0,0.0,0.0,0.0,0.0,0.0,0.0,0.0,14.0,40.60165333333333,-73.92888733333334,40.5886,-73.952525,0
1.0,0.0,0.0,0.0,0.0,0.0,0.0,0.0,0.0,0.0,0.0,0.0,0.0,1.0,19.0,40.813798,-73.9137544,40.81624,-73.903041,1
1.0,0.0,0.0,0.0,0.0,0.0,0.0,0.0,0.0,0.0,0.0,0.0,0.0,1.0,3.0,40.61154333333333,-74.14161566666667,40.59585,-74.096059,1
1.0,0.0,0.0,0.0,0.0,1.0,0.0,0.0,0.0,0.0,0.0,0.0,0.0,0.0,4.0,40.73723444444445,-73.86654677777777,40.74922,-73.87664,1
1.0,0.0,0.0,0.0,0.0,0.0,0.0,0.0,1.0,0.0,0.0,0.0,0.0,0.0,1.0,40.87288142857143,-73.83114171428572,40.8498,-73.832175,1
1.0,1.0,0.0,0.0,0.0,0.0,0.0,0.0,0.0,0.0,0.0,0.0,0.0,0.0,11.0,40.69521666666667,-73.80351725,40.70684,-73.831763,0
1.0,0.0,0.0,0.0,0.0,1.0,0.0,0.0,0.0,0.0,0.0,0.0,0.0,0.0,23.0,40.79489,-73.95616914285714,40.79884,-73.942157,0
1.0,0.0,0.0,0.0,0.0,0.0,0.0,0.0,0.0,0.0,0.0,0.0,0.0,1.0,19.0,40.813798,-73.9137544,40.81355,-73.899187,1
1.0,0.0,0.0,0.0,0.0,0.0,0.0,0.0,1.0,0.0,0.0,0.0,0.0,0.0,13.0,41.03924,-73.832133,41.03924,-73.832133,1
1.0,0.0,0.0,0.0,0.0,1.0,0.0,0.0,0.0,0.0,0.0,0.0,0.0,0.0,8.0,40.84696875,-73.925658875,40.83601,-73.922122,0
1.0,1.0,0.0,0.0,0.0,0.0,0.0,0.0,0.0,0.0,0.0,0.0,0.0,0.0,11.0,40.69521666666667,-73.80351725,40.70684,-73.831763,0
1.0,0.0,0.0,0.0,0.0,1.0,0.0,0.0,0.0,0.0,0.0,0.0,0.0,0.0,8.0,40.84696875,-73.925658875,40.85403,-73.930303,0
1.0,0.0,0.0,0.0,0.0,0.0,0.0,0.0,0.0,0.0,0.0,1.0,0.0,0.0,22.0,40.746206666666666,-73.90324133333333,40.75035,-73.905035,0
1.0,0.0,0.0,0.0,0.0,0.0,0.0,0.0,1.0,0.0,0.0,0.0,0.0,0.0,4.0,40.73723444444445,-73.86654677777777,40.71473,-73.858549,1
2.0,0.0,0.0,0.0,1.0,0.0,0.0,0.0,0.0,0.0,0.0,0.0,0.0,1.0,21.0,40.76708,-73.81396075,40.78856,-73.814913,1
1.0,1.0,0.0,0.0,0.0,0.0,0.0,0.0,0.0,0.0,0.0,0.0,0.0,0.0,14.0,40.60165333333333,-73.92888733333334,40.5886,-73.952525,0
1.0,0.0,0.0,0.0,0.0,0.0,0.0,0.0,0.0,0.0,0.0,1.0,0.0,0.0,18.0,40.6902375,-73.918224,40.69116,-73.924952,1
1.0,0.0,0.0,0.0,0.0,1.0,0.0,0.0,0.0,0.0,0.0,0.0,0.0,0.0,8.0,40.84696875,-73.925658875,40.83601,-73.922122,0
1.0,0.0,0.0,0.0,0.0,1.0,0.0,0.0,0.0,0.0,0.0,0.0,0.0,0.0,17.0,40.84224090909091,-73.87085736363636,40.83144,-73.862052,1
1.0,0.0,0.0,0.0,0.0,0.0,0.0,0.0,1.0,0.0,0.0,0.0,0.0,0.0,6.0,41.3148,-73.704541,41.3148,-73.704541,1
1.0,0.0,0.0,0.0,0.0,0.0,0.0,0.0,1.0,0.0,0.0,0.0,0.0,0.0,21.0,40.76708,-73.81396075,40.75516,-73.833284,1
1.0,0.0,0.0,0.0,0.0,0.0,0.0,0.0,0.0,0.0,0.0,0.0,0.0,1.0,20.0,40.6688275,-73.7492785,40.68176,-73.772019,1
1.0,0.0,0.0,0.0,0.0,0.0,0.0,0.0,1.0,0.0,0.0,0.0,0.0,0.0,20.0,40.6688275,-73.7492785,40.65842,-73.755894,1
1.0,0.0,0.0,0.0,0.0,1.0,0.0,0.0,0.0,0.0,0.0,0.0,0.0,0.0,8.0,40.84696875,-73.925658875,40.85403,-73.930303,0
1.0,0.0,0.0,0.0,0.0,0.0,0.0,0.0,0.0,0.0,0.0,1.0,0.0,0.0,22.0,40.746206666666666,-73.90324133333333,40.75035,-73.905035,0
1.0,0.0,0.0,0.0,0.0,1.0,0.0,0.0,0.0,0.0,0.0,0.0,0.0,0.0,8.0,40.84696875,-73.925658875,40.83601,-73.922122,0
1.0,0.0,0.0,0.0,0.0,0.0,0.0,0.0,0.0,1.0,0.0,0.0,0.0,0.0,17.0,40.84224090909091,-73.87085736363636,40.86547,-73.865141,1
1.0,0.0,0.0,0.0,0.0,0.0,0.0,0.0,0.0,0.0,0.0,1.0,0.0,0.0,22.0,40.746206666666666,-73.90324133333333,40.75035,-73.905035,0
1.0,0.0,0.0,0.0,0.0,0.0,0.0,0.0,0.0,0.0,0.0,1.0,0.0,0.0,22.0,40.746206666666666,-73.90324133333333,40.75035,-73.905035,0
1.0,0.0,0.0,0.0,0.0,1.0,0.0,0.0,0.0,0.0,0.0,0.0,0.0,0.0,8.0,40.84696875,-73.925658875,40.83934,-73.915421,1
1.0,0.0,0.0,0.0,0.0,0.0,0.0,0.0,0.0,0.0,0.0,0.0,1.0,0.0,7.0,40.629856,-73.9892658,40.64214,-73.957257,1
1.0,0.0,0.0,0.0,0.0,1.0,0.0,0.0,0.0,0.0,0.0,0.0,0.0,0.0,23.0,40.79489,-73.95616914285714,40.79884,-73.942157,0
1.0,0.0,0.0,0.0,0.0,0.0,0.0,0.0,1.0,0.0,0.0,0.0,0.0,0.0,4.0,40.73723444444445,-73.86654677777777,40.75352,-73.86344,0
1.0,0.0,0.0,0.0,0.0,0.0,0.0,0.0,1.0,0.0,0.0,0.0,0.0,0.0,4.0,40.73723444444445,-73.86654677777777,40.75352,-73.86344,0
1.0,0.0,0.0,0.0,0.0,1.0,0.0,0.0,0.0,0.0,0.0,0.0,0.0,0.0,8.0,40.84696875,-73.925658875,40.85403,-73.930303,0
1.0,0.0,0.0,0.0,0.0,1.0,0.0,0.0,0.0,0.0,0.0,0.0,0.0,0.0,8.0,40.84696875,-73.925658875,40.83601,-73.922122,0
1.0,1.0,0.0,0.0,0.0,0.0,0.0,0.0,0.0,0.0,0.0,0.0,0.0,0.0,10.0,40.676328,-73.8447596,40.68892,-73.840365,0
1.0,0.0,0.0,1.0,0.0,0.0,0.0,0.0,0.0,0.0,0.0,0.0,0.0,0.0,17.0,40.84224090909091,-73.87085736363636,40.82596,-73.878998,1
1.0,0.0,0.0,0.0,0.0,0.0,0.0,0.0,0.0,0.0,0.0,0.0,1.0,0.0,23.0,40.79489,-73.95616914285714,40.78531,-73.973018,1
1.0,0.0,0.0,0.0,0.0,1.0,0.0,0.0,0.0,0.0,0.0,0.0,0.0,0.0,23.0,40.79489,-73.95616914285714,40.79884,-73.942157,0
1.0,0.0,0.0,0.0,0.0,1.0,0.0,0.0,0.0,0.0,0.0,0.0,0.0,0.0,8.0,40.84696875,-73.925658875,40.85403,-73.930303,0
1.0,0.0,0.0,0.0,0.0,0.0,0.0,0.0,0.0,0.0,0.0,0.0,0.0,1.0,11.0,40.69521666666667,-73.80351725,40.70415,-73.815825,1
1.0,0.0,0.0,0.0,0.0,0.0,0.0,0.0,0.0,0.0,0.0,1.0,0.0,0.0,10.0,40.676328,-73.8447596,40.69308,-73.853727,1
1.0,0.0,0.0,0.0,0.0,0.0,0.0,0.0,0.0,0.0,0.0,1.0,0.0,0.0,22.0,40.746206666666666,-73.90324133333333,40.75035,-73.905035,0
1.0,0.0,0.0,0.0,0.0,0.0,0.0,0.0,0.0,0.0,0.0,0.0,0.0,1.0,4.0,40.73723444444445,-73.86654677777777,40.73258,-73.856476,1
1.0,0.0,0.0,0.0,0.0,0.0,0.0,0.0,0.0,0.0,0.0,0.0,0.0,1.0,23.0,40.79489,-73.95616914285714,40.78324,-73.974539,1
1.0,0.0,0.0,0.0,0.0,1.0,0.0,0.0,0.0,0.0,0.0,0.0,0.0,0.0,8.0,40.84696875,-73.925658875,40.83601,-73.922122,0
1.0,0.0,0.0,0.0,0.0,0.0,0.0,0.0,0.0,0.0,0.0,1.0,0.0,0.0,22.0,40.746206666666666,-73.90324133333333,40.75035,-73.905035,0
