coef,exp(coef),se(coef),coef lower 95%,coef upper 95%,exp(coef) lower 95%,exp(coef) upper 95%,cmp to,z,p,-log2(p),feature,abs_coef
0.12718484059230378,1.1356269083331143,0.012504036482805334,0.10267737942463044,0.15169230175997714,1.1081338446217452,1.1638020814809074,0.0,10.171502679730612,2.657763693882862e-24,78.31606143935629,business_category_electronics_store,0.12718484059230378
0.10265364294062918,1.1081075417326414,0.011740090055582885,0.07964348925642988,0.12566379662482846,1.082900933031626,1.133900882887961,0.0,8.743854813261269,2.252889217221336e-18,58.622929335231376,business_category_electronic_cigarette_dealer,0.10265364294062918
0.08577848053199107,1.0895649417239504,0.010441770906035106,0.06531298562134409,0.10624397544263804,1.0674930820894146,1.1120931668337293,0.0,8.214936077788591,2.1227730516669892e-16,52.064899379048825,business_category_pedicab_business,0.08577848053199107
-0.06838419709124342,0.933901602363854,0.013020992926589963,-0.09390487427031055,-0.042863519912176296,0.9103693576714104,0.958042134819499,0.0,-5.2518419660298825,1.5058564067227966e-07,22.662912458070025,business_category_electronic_and_home_appliance_service_dealer,0.06838419709124342
0.060467824050762425,1.0623334154343582,0.011636192062342269,0.03766130669138072,0.08327434141014413,1.0383794811318119,1.0868399328522267,0.0,5.196530250342977,2.0304257368131695e-07,22.23171440281517,business_category_dealer_in_products_for_the_disabled,0.060467824050762425
-0.059200247508250745,0.9425180133751332,0.013514789694480661,-0.08568874856806592,-0.032711746448435566,0.9178798781902608,0.9678174962154142,0.0,-4.380404641622183,1.1845912465064574e-05,16.365251143893932,business_category_stoop_line_stand,0.059200247508250745
-0.056205935215326616,0.9453444361333032,0.01380876266898812,-0.08327061271760453,-0.029141257713048707,0.9201021221912146,0.9712792540896567,0.0,-4.070309307404823,4.6950759268933766e-05,14.378491985680908,business_category_tow_truck_company,0.056205935215326616
-0.05515963618033409,0.9463340667390564,0.014824725124006233,-0.0842155635040924,-0.02610370885657579,0.9192330816321469,0.9742340476702468,0.0,-3.7207864374505015,0.00019860333872450647,12.297822503305515,business_category_home_improvement_contractor,0.05515963618033409
-0.05094759309393742,0.9503284730024321,0.012653278791426067,-0.07574756381147701,-0.026147622376397825,0.9270501980427439,0.9741912665634246,0.0,-4.026434091411927,5.662910284939916e-05,14.108096800429353,business_category_bingo_game_operator,0.05094759309393742
0.047806384093704496,1.0489675388611048,0.012766245101865931,0.022785003476236396,0.0728277647111726,1.0230465644461195,1.075545274109832,0.0,3.744749040320168,0.00018057418242689325,12.435120741145111,business_category_construction_labor_provider,0.047806384093704496
-0.04738152306276201,0.9537234606738779,0.012227244552534806,-0.0713464820158938,-0.023416564109630222,0.9311392132379237,0.9768554760751343,0.0,-3.875077729834024,0.00010659066958771016,13.195631222209157,business_category_garage_and_parking_lot,0.04738152306276201
0.04460172753958774,1.0456113387692465,0.009798715164367288,0.02539659872266138,0.0638068563565141,1.0257218398384031,1.0658865096750398,0.0,4.551793453674466,5.31905413380392e-06,17.520398849498765,business_category_third_party_food_delivery_service,0.04460172753958774
0.04440646840008735,1.0454071935302471,0.011715285892844964,0.02144492998152105,0.06736800681865365,1.021676525043017,1.0696890586174255,0.0,3.7904724482403216,0.0001503610114627965,12.699281854164605,business_category_ticket_seller_business,0.04440646840008735
-0.043388043909222344,0.9575397504974396,0.015840993797312217,-0.07443582123127668,-0.012340266587168011,0.9282670471834327,0.9877355622659691,0.0,-2.7389723438048508,0.006163155766875974,7.342115030589532,business_category_horse_drawn_cab_owner,0.043388043909222344
-0.04226809760690116,0.9586127443359227,0.012480371544215697,-0.06672917634724246,-0.017807018866559852,0.935448508616497,0.9823505891974044,0.0,-3.38676596743558,0.0007072168893989208,10.465559650689572,business_category_pawnbroker,0.04226809760690116
-0.0408563060423819,0.9599670615038465,0.012695448265923838,-0.0657389274111841,-0.015973684673579694,0.9363752943054299,0.9841532180277068,0.0,-3.21818538318535,0.0012900440992121474,9.598363900697876,business_category_employment_agency,0.0408563060423819
0.03547264810401348,1.0361093081864627,0.007940689982956457,0.01990918172502085,0.051036114483006115,1.0201086913080852,1.0523608980667076,0.0,4.467199724476134,7.925013486577536e-06,16.945155178929923,business_category_laundries,0.03547264810401348
0.032355346254573536,1.032884471729621,0.008273800908369487,0.01613899445891456,0.04857169805023251,1.0162699314788937,1.0497706356299248,0.0,3.9105782956227535,9.207540689922635e-05,13.40682460674624,business_category_booting_company,0.032355346254573536
0.03206756503472142,1.0325872697430065,0.014076196158101337,0.004478727525521722,0.059656402543921114,1.0044887720155584,1.0614717648818097,0.0,2.2781413866746543,0.02271815512021655,5.460010507528182,complaint_type_construction_lead_dust,0.03206756503472142
-0.030952450510700426,0.9695216722404013,0.011338144625947214,-0.05317480562906333,-0.008730095392337524,0.9482142448066087,0.991307901238643,0.0,-2.729939644610468,0.0063345921734584325,7.302532544264987,business_category_secondhand_dealer_auto,0.030952450510700426
-0.030162716455864453,0.9702876389370538,0.015880160269224928,-0.0612872586522692,0.0009618257405402952,0.940553018973618,1.0009622884432523,0.0,-1.8993962242508666,0.05751239956787259,4.119983157777805,business_category_newsstand,0.030162716455864453
-0.02976015478259133,0.9706783181835101,0.01291854589069143,-0.05508003946097445,-0.004440270104208211,0.9464093948240816,0.9955695733205466,0.0,-2.3036768251166153,0.021240791699619028,5.557018649629459,business_category_secondhand_dealer_general,0.02976015478259133
-0.026838967110732446,0.973517997318441,0.01419359479632919,-0.05465790172269278,0.0009799675012278908,0.9468089942825729,1.0009804478262678,0.0,-1.890921045433371,0.05863488462738126,4.092096943134792,active_license_count,0.026838967110732446
0.025485523703348313,1.0258130561888472,0.008316833796227593,0.009184828997336695,0.041786218409359935,1.0092271389766252,1.0426715509400064,0.0,3.0643300476809108,0.0021815808706444452,8.840410329620527,business_category_process_serving_agency,0.025485523703348313
0.025449368455882377,1.0257759683344112,0.012627198376657222,0.000700514411991586,0.05019822249977317,1.0007007598295152,1.0514795026154076,0.0,2.015440614517339,0.04385850250641265,4.510999635935912,business_category_car_wash,0.025449368455882377
0.02374753726344191,1.024031755394008,0.00758977471379092,0.00887185217363891,0.03862322235324491,1.008911323696288,1.0393787951685287,0.0,3.128885659845963,0.0017547057452175889,9.154555166102744,business_category_pedicab_driver,0.02374753726344191
0.023169929132988057,1.0234404371178116,0.010831147383695734,0.0019412703496991847,0.04439858791627693,1.001943155834866,1.045398955248244,0.0,2.139194335760406,0.032419932740599684,4.946975091976147,business_category_industrial_laundry,0.023169929132988057
0.023067767384117876,1.023335885993545,0.018602278500677458,-0.0133920285075937,0.05952756327582945,0.9866972457407346,1.0613350144461247,0.0,1.240050641284496,0.21495666381435355,2.217882259267699,complaint_type_street_sign_dangling,0.023067767384117876
0.02266630036899246,1.0229251328473612,0.01301545674038507,-0.00284352608450137,0.04817612682248629,0.9971605129065627,1.049355458692176,0.0,1.741490968861832,0.08159755494114707,3.615330267077113,business_category_tobacco_retail_dealer,0.02266630036899246
-0.02236941483791019,0.9778789253340355,0.009715799513436114,-0.04141203196525675,-0.0033267977105636247,0.9594337311291459,0.9966787299494387,0.0,-2.302375096045901,0.02131402815913473,5.552052914532035,business_category_games_of_chance_bell_jar,0.02236941483791019
0.018842700282524386,1.0190213442402714,0.021339934206294618,-0.022982802194267408,0.060668202759316184,0.9772792906881435,1.0625463057608286,0.0,0.8829783681791472,0.37724795923632526,1.4064149985292982,complaint_type_broken_parking_meter,0.018842700282524386
-0.014364197663066937,0.9857384752317052,0.016510779499866544,-0.04672473083948761,0.017996335513353737,0.9543500645777632,1.0181592453519992,0.0,-0.8699890676380871,0.3843063786498221,1.379671172688845,business_category_industrial_laundry_delivery,0.014364197663066937
0.013780009115716186,1.0138753910591092,0.012305061674889636,-0.010337468594611616,0.03789748682604399,0.9897157793927746,1.0386247547007292,0.0,1.119865099403476,0.2627712527382694,1.9281206419077292,business_category_debt_collection_agency,0.013780009115716186
0.013479581071312323,1.013570840208203,0.021481976920758348,-0.02862432001009469,0.055583482152719334,0.9717814747534069,1.057157267153143,0.0,0.6274832675332971,0.5303425009356766,0.9150037261330451,complaint_type_non_residential_heat,0.013479581071312323
0.013353747629302503,1.0134433071247906,0.02072058747135781,-0.02725785755307067,0.05396535281167568,0.9731102853332085,1.0554480332148048,0.0,0.6444676169419167,0.5192722501083574,0.9454369649763158,complaint_type_drinking,0.013353747629302503
0.012439544629729505,1.0125172375857934,0.021698327721069128,-0.030088396228313056,0.05496748548777207,0.9703597536149264,1.056506262331237,0.0,0.5732950847475069,0.5664449128941504,0.819992434973509,complaint_type_sidewalk_condition,0.012439544629729505
0.01030325571371646,1.0103565170173125,0.017550670675601898,-0.024095426714986518,0.044701938142419434,0.9761925504647521,1.0457161253621083,0.0,0.5870576631603915,0.5571649801535556,0.8438235127316505,location_cluster_lng,0.01030325571371646
-0.01001410321031147,0.9900358709666041,0.016567963187610463,-0.04248671435521341,0.022458507934590467,0.958403198440821,1.0227125988260413,0.0,-0.6044257279494696,0.5455606349044753,0.8741885448745517,business_category_general_vendor_distributor,0.01001410321031147
0.009634448131377949,1.009681008835543,0.007270310503795685,-0.004615098612484851,0.023883994875240747,0.9953955345910664,1.0241715018562727,0.0,1.3251769819663128,0.1851124579457722,2.433526103991217,business_category_games_of_chance_raffle_with_net_proceeds_under_30_000,0.009634448131377949
0.009315608081155068,1.0093591334080925,0.01754837438677051,-0.02507857370414029,0.043709789866450424,0.9752332813264785,1.0446791344206292,0.0,0.5308530508773498,0.5955206141360267,0.7477766465845662,business_longitude,0.009315608081155068
0.009155271622475918,1.009197309312604,0.021869189455521625,-0.03370755208142958,0.052018095326381415,0.9668542177996103,1.0533948038636878,0.0,0.418637903388978,0.6754807841632602,0.5660133660272811,complaint_type_water_system,0.009155271622475918
0.008733872971334745,1.0087721245201655,0.017847490189298112,-0.02624656501412151,0.043714310956791,0.9740948822781997,1.0446838575200494,0.0,0.4893614104111869,0.6245858513027391,0.6790282064231608,location_cluster_lat,0.008733872971334745
0.00838423156793241,1.008419477672397,0.02195565114105075,-0.0346480539256528,0.05141651706151762,0.9659453171030622,1.0527612950170449,0.0,0.3818712327896443,0.7025568790746364,0.5093130640917918,complaint_type_lead,0.00838423156793241
-0.00803118029325391,0.9920009834732658,0.02172701244309079,-0.05061534217336547,0.034552981586857656,0.9506442729719431,1.0351568711769537,0.0,-0.36964034122454015,0.7116504887691797,0.49075922718138365,complaint_type_illegal_dumping,0.00803118029325391
0.007964229227645609,1.007996028062922,0.022270604280227008,-0.0356853530755429,0.051613811530834115,0.9649438623406741,1.052969019488833,0.0,0.3576117256376677,0.7206339020937951,0.4726615701944247,complaint_type_safety,0.007964229227645609
-0.007956548427239774,0.9920750211204997,0.008963279351335673,-0.02552425313922923,0.009611156284749683,0.9747987367495603,1.0096574917742207,0.0,-0.8876827459420998,0.3747114295934353,1.4161481109051968,business_category_commercial_lessor_bingo,0.007956548427239774
0.0077454239417902955,1.0077754973313855,0.021688478508188593,-0.03476321281373035,0.050254060697310934,0.9658340863191306,1.0515382169748182,0.0,0.3571215905655149,0.7210007818611659,0.47192727094607023,complaint_type_indoor_air_quality,0.0077454239417902955
0.007728786866592003,1.0077587310341247,0.022153421233005458,-0.035691120884443615,0.05114869461762762,0.9649382967449268,1.0524793796674945,0.0,0.3488755432085228,0.7271827466649827,0.45961012472299184,complaint_type_paint_plaster,0.007728786866592003
-0.007708895788124279,0.9923207415430805,0.010364108663835754,-0.0280221755011019,0.012604383924853343,0.972366803841033,1.0126841539703493,0.0,-0.7438069242773858,0.4569932905064077,1.1297551108385695,business_category_storage_warehouse,0.007708895788124279
-0.007590115357801532,0.9924386168282792,0.022254760255685825,-0.05120864394351916,0.03602841322791609,0.9500804213256323,1.0366853016482167,0.0,-0.34105581325515955,0.733061564917665,0.4479937291727074,complaint_type_blocked_driveway,0.007590115357801532
-0.007589207595164838,0.9924395177273836,0.013403712485609981,-0.03386000132609025,0.018681586135760573,0.9667068328390582,1.0188571787109097,0.0,-0.5662019088601381,0.5712565324618828,0.8077893370422953,business_category_scrap_metal_processor,0.007589207595164838
-0.007378796164368692,0.9926483603169508,0.022068953213897968,-0.050633149640108184,0.0358755573113708,0.9506273445563944,1.0365268502766876,0.0,-0.33435188759754497,0.7381140403957955,0.43808436152441904,business_category_hotel,0.007378796164368692
-0.006626910734635682,0.9933949988140502,0.022072410458981315,-0.04988804028622426,0.036634218816952904,0.9513359298368584,1.0373135216684142,0.0,-0.30023502629905,0.7639978896101125,0.38835944177454534,complaint_type_food_establishment,0.006626910734635682
-0.006592947080752599,0.993428738710921,0.022045925947900114,-0.049802167944473875,0.036616273782968674,0.9514176267886488,1.0372949072090345,0.0,-0.2990551223084636,0.7648979873519945,0.38666074310170334,complaint_type_derelict_vehicles,0.006592947080752599
0.006457421463062765,1.006478315558821,0.021785115624265876,-0.036240620559539166,0.0491554634856647,0.9644082091192057,1.050383634348461,0.0,0.29641437642268054,0.7669136475870475,0.38286395159379466,complaint_type_food_poisoning,0.006457421463062765
-0.006046834512614819,0.9939714107972165,0.009177230517601399,-0.02403387580493544,0.011940206779705802,0.9762526378538161,1.012011775613915,0.0,-0.6588953498571642,0.5099629721674566,0.9715355964497319,business_category_locksmith,0.006046834512614819
0.00587847180284328,1.005895783924527,0.021144198994838825,-0.03556339670898883,0.04732034031467539,0.9650615505643221,1.048457818597654,0.0,0.2780181838185585,0.7809984001470018,0.3566085018368179,complaint_type_smoking_or_vaping,0.00587847180284328
0.005853516432462824,1.0058706817358936,0.022667639388671407,-0.038574240383874664,0.050281273248800315,0.9621602709403505,1.0515668324020382,0.0,0.25823229018669813,0.7962276388346828,0.3287471434308955,complaint_type_door_window,0.005853516432462824
-0.005574344897906496,0.994441162933899,0.02209610497897045,-0.04888191485530475,0.03773322505949176,0.9522935747838978,1.0384541623750192,0.0,-0.25227726349108914,0.8008267609977533,0.3204379097823055,complaint_type_missed_collection,0.005574344897906496
0.005530960083777301,1.0055462840826168,0.009662236368147208,-0.013406675207904324,0.024468595375458924,0.9866827939877144,1.0247704080719469,0.0,0.572430633348074,0.5670302674747038,0.818502348132217,business_category_scale_dealer_repairer,0.005530960083777301
-0.004933861833302917,0.995078289670165,0.022332853267712744,-0.04870544991003756,0.03883772624343172,0.9524616360454748,1.039601769877086,0.0,-0.22092393543085442,0.8251516600733552,0.2772687887080361,complaint_type_lost_property,0.004933861833302917
0.004851534263182365,1.0048633220107133,0.00720076548543899,-0.009261706749397133,0.018964775275761864,0.9907810507522604,1.01914574885717,0.0,0.6737525715832411,0.5004686326406189,0.9986484453105089,business_category_games_of_chance_raffle_with_net_proceeds_over_30_000,0.004851534263182365
0.00477863282752219,1.0047900687020646,0.022371849896300127,-0.039069387236762204,0.04862665289180658,0.9616839782373684,1.0498283271940958,0.0,0.21360025432284363,0.8308588010533485,0.26732477352165995,complaint_type_animal_in_a_park,0.00477863282752219
-0.0047187601235095696,0.995292355733814,0.022366129696960634,-0.04855556880310416,0.03911804855608503,0.9526044027485454,1.0398932342995384,0.0,-0.21097794689757204,0.8329044798605616,0.2637770426737436,complaint_type_homeless_person_assistance,0.0047187601235095696
0.00470162736924508,1.0047126973613978,0.008052700410644547,-0.011081375413909137,0.020484630152399295,0.9889797968604711,1.0206958801825072,0.0,0.5838572316722703,0.5593163694035261,0.8382635408704968,business_category_games_of_chance_las_vegas_casino_nights,0.00470162736924508
0.004682674822326567,1.0046936556773063,0.02209495532716537,-0.03862264185893897,0.0479879915035921,0.9621137020909982,1.0491580564380718,0.0,0.21193411586441624,0.832158434483618,0.26506986593987736,complaint_type_air_quality,0.004682674822326567
0.00449305070070032,1.0045031595872427,0.02155701340348191,-0.037757919184371436,0.04674402058577208,0.9629460234364147,1.0478537457581407,0.0,0.20842640010487715,0.8348960446336291,0.2603315203283607,complaint_type_residential_disposal_complaint,0.00449305070070032
0.004443271536521876,1.0044531575040851,0.022396467118170862,-0.03945299739602859,0.04833954046907234,0.9613151372434122,1.0495269517060137,0.0,0.19839162637025592,0.8427386684302056,0.2468427712058578,complaint_type_abandoned_vehicle,0.004443271536521876
-0.004320679019422958,0.9956886416854149,0.022048964287500156,-0.04753585491933312,0.038894496880487205,0.9535762821189987,1.0396607904071469,0.0,-0.1959583662563419,0.8446427530708934,0.24358682136604592,complaint_type_animal_abuse,0.004320679019422958
-0.0043069564406290044,0.9957023051950037,0.021413351880529518,-0.0462763549147499,0.03766244203349189,0.9547780681165625,1.0383806600484333,0.0,-0.20113415520646177,0.8405936756899456,0.2505194926504794,complaint_type_unsanitary_animal_pvt_property,0.0043069564406290044
-0.0038583123175458638,0.9961491214058087,0.02179724497574325,-0.046580127432199275,0.038863502797107555,0.9544880768271273,1.0396285675732837,0.0,-0.17700917349139908,0.8595011839580935,0.2184284678782742,complaint_type_litter_basket_request,0.0038583123175458638
-0.003841927182297203,0.9961654435776109,0.02134953583843721,-0.04568624851228128,0.03800239414768688,0.9553416550392658,1.0387337197574533,0.0,-0.1799536632257965,0.8571889456352928,0.22231484984254316,complaint_type_bike_roller_skate_chronic,0.003841927182297203
-0.0038384456374826047,0.9961689117782828,0.022434121780976528,-0.047808516352982174,0.040131625078016965,0.9533163140860611,1.040947780008245,0.0,-0.1710985468901882,0.8641462784388668,0.21065254949418002,complaint_type_appliance,0.0038384456374826047
-0.0036278284348247036,0.9963787441842378,0.022248692512954533,-0.04723446446332154,0.03997880759367213,0.9538637242234859,1.0407887171412729,0.0,-0.1630580508365767,0.8704727282616768,0.20012899565310122,complaint_type_overgrown_tree_branches,0.0036278284348247036
-0.003556489446002058,0.9964498273718035,0.021913639437128405,-0.04650643351297031,0.039393454620966196,0.9545584193862436,1.0401796666438854,0.0,-0.16229569972645794,0.8710730009094164,0.19913446488441178,complaint_type_dead_animal,0.003556489446002058
-0.0032262886139446936,0.9967789102626372,0.022272740169055227,-0.046880057182311495,0.040427479954422106,0.9542018403843177,1.0412557950466723,0.0,-0.14485369063062828,0.8848263902218931,0.1765336798453963,complaint_type_for_hire_vehicle_complaint,0.0032262886139446936
-0.0030551831415976142,0.9969494791811249,0.022351112308435825,-0.046862558280541734,0.04075219199734651,0.9542185380146857,1.0415939582429485,0.0,-0.13669042951587326,0.8912754946632728,0.16605665488964408,complaint_type_special_projects_inspection_team_spit,0.0030551831415976142
-0.003049341469064068,0.9969553030505253,0.02209529059494138,-0.04635531526309576,0.04025663232496762,0.9547026814840276,1.0410779141581294,0.0,-0.13800866098417378,0.8902335725751593,0.16774418601541394,complaint_type_street_sign_damaged,0.003049341469064068
-0.002984943121427995,0.9970195073920133,0.021875670649234173,-0.04586046973158692,0.039890583488730924,0.9551752287491879,1.0406968985386367,0.0,-0.13645035936452501,0.8914652649050457,0.1657495091801193,complaint_type_hazardous_materials,0.002984943121427995
-0.0029141435119008677,0.9970900984827089,0.021674913377035178,-0.04539619309891526,0.03956790607511352,0.9556187972492801,1.0403611433282813,0.0,-0.1344477581621358,0.8930485188629407,0.1631895365381271,complaint_type_traffic_signal_condition,0.0029141435119008677
-0.0029086433805375444,0.9970955826243134,0.0216402884118877,-0.045322829282896916,0.03950554252182183,0.9556889076626575,1.0402962647337277,0.0,-0.13440871605665541,0.8930793897589483,0.1631396663262935,complaint_type_illegal_tree_damage,0.0029086433805375444
-0.002865738237065542,0.9971383640711067,0.022643915564489928,-0.047246997212431766,0.041515520738300685,0.9538517697636562,1.042389340378081,0.0,-0.12655665619772838,0.8992913043504508,0.15313957618078555,complaint_type_elevator_1,0.002865738237065542
-0.002862665751761513,0.997141427768783,0.02209095452681806,-0.04616014100843698,0.04043480950491395,0.9548890330532298,1.0412634270115666,0.0,-0.1295854259392134,0.8968944344289393,0.15698990671985041,complaint_type_commercial_disposal_complaint,0.002862665751761513
-0.002810612101844701,0.9971933339705235,0.02227862170964932,-0.046475908277949535,0.04085468407426013,0.954587557951065,1.041700718841994,0.0,-0.12615736011296283,0.8996073633181556,0.15263262521325938,complaint_type_damaged_tree,0.002810612101844701
-0.0027163430089931027,0.9972873429125138,0.02208252878565889,-0.04599730411645354,0.040564618098467335,0.9550445368760971,1.0413986007257106,0.0,-0.1230086932234493,0.9021002140528824,0.14864038392750245,complaint_type_street_sign_missing,0.0027163430089931027
-0.0026541919315158373,0.9973493273216092,0.022105890736208226,-0.04598094162066158,0.04067255775762991,0.9550601639161613,1.0415110150025955,0.0,-0.1200671786171646,0.9044299319315422,0.14491935629788544,complaint_type_street_sweeping_complaint,0.0026541919315158373
-0.0026243994214308376,0.9973790413041266,0.022113347525927265,-0.04596576414986618,0.04071696530700451,0.9550746594239092,1.0415572669813793,0.0,-0.11867942736185938,0.905529335927018,0.14316671477114895,complaint_type_mobile_food_vendor,0.0026243994214308376
-0.0025957138031584767,0.9974076521489362,0.02212270410174313,-0.04595541708321154,0.04076398947689459,0.9550845416961967,1.0416062464988536,0.0,-0.11733257341510754,0.906596513443044,0.1414674819185957,complaint_type_vendor_enforcement,0.0025957138031584767
-0.0025411797315033104,0.9974620463324626,0.021997092163644927,-0.04565468813685562,0.040572328673848995,0.9553718064563512,1.041406630539081,0.0,-0.11552343885266678,0.9080302433301042,0.13918774541551157,complaint_type_real_time_enforcement,0.0025411797315033104
-0.0025191491845902936,0.9974840212089267,0.022723037343499012,-0.04705548399720706,0.04201718562802648,0.9540344624764074,1.042912401701354,0.0,-0.11086322424722037,0.9117248085807139,0.13332966217162048,complaint_type_plumbing,0.0025191491845902936
-0.0025095751078551363,0.997493571243204,0.02197452862383717,-0.0455788597878205,0.040559709572110234,0.9554442534698834,1.041393489005776,0.0,-0.11420381983224161,0.9090762239348166,0.13752682876022246,complaint_type_taxi_report,0.0025095751078551363
-0.0024298248059000083,0.997573124828878,0.022512694729507347,-0.04655389567067911,0.041694246058879086,0.9545131150591295,1.0425756583964856,0.0,-0.10793131764520582,0.9140501743361716,0.1296547345501735,complaint_type_building_use,0.0024298248059000083
-0.002409505818630277,0.9975933947104332,0.021394700757394934,-0.04434234876313616,0.039523337125875614,0.9566264015417106,1.040314776558562,0.0,-0.11262161812650956,0.9103305453027632,0.13553760509181637,complaint_type_elevator,0.002409505818630277
-0.0023928810963910114,0.9976099795613869,0.022059194505744898,-0.04562810785561485,0.040842345662832825,0.9553972008451499,1.041687865989233,0.0,-0.108475452073639,0.9136185520033362,0.13033614842099253,complaint_type_curb_condition,0.0023928810963910114
-0.0023560739980692945,0.9976466993657619,0.02232887258157975,-0.046119860073349506,0.04140771207721092,0.9549274976510758,1.0422769678364363,0.0,-0.10551692609921304,0.9159656398776189,0.12663461458689013,complaint_type_traffic,0.0023560739980692945
-0.002301234472184977,0.9977014113379307,0.022356173830504127,-0.04611853001208993,0.041516061067719975,0.9549287677639907,1.0423899036118605,0.0,-0.10293507688891881,0.9180144982229389,0.12341115655419706,complaint_type_plumbing_1,0.002301234472184977
-0.002289103502772364,0.9977135144966459,0.022368620623935596,-0.046130794309526005,0.04155258730398127,0.954917056305369,1.0424279788871251,0.0,-0.10233547885035446,0.9184903950721379,0.1226634601639632,complaint_type_outdoor_dining,0.002289103502772364
-0.0022742944316374047,0.9977282898164586,0.02271805847278177,-0.0468008708369647,0.042252281973689895,0.9542774031325102,1.043157615419136,0.0,-0.10010954212316203,0.9202573598727462,0.11989071209877812,complaint_type_encampment,0.0022742944316374047
-0.0022341902040913264,0.997768303741181,0.022023157178423035,-0.04539878509966523,0.04093040469148258,0.9556163202878512,1.0417796000498152,0.0,-0.10144731683976045,0.9191953767806232,0.12155655311791548,complaint_type_general_construction_plumbing,0.0022341902040913264
-0.002146170930476907,0.9978561304476765,0.022305835159787003,-0.04586480448874667,0.04157246262779286,0.9551710883055002,1.0424486976866514,0.0,-0.09621567249568973,0.9233492837123123,0.11505160242442256,complaint_type_dead_dying_tree,0.002146170930476907
-0.0021446902883912548,0.9978576079165524,0.0215004397303505,-0.0442847778116523,0.03999539723486979,0.9566814770192207,1.0408059835958745,0.0,-0.09975099650467903,0.9205420130487308,0.11944452797390201,complaint_type_illegal_posting,0.0021446902883912548
-0.0020826694719397717,0.9979194977793078,0.021894971738476127,-0.044996025521875316,0.04083068657799577,0.9560012814317294,1.0416757209328298,0.0,-0.09512090249835252,0.9242187955598147,0.113693665429219,complaint_type_asbestos,0.0020826694719397717
0.002082466983773921,1.0020846368240888,0.02183560227767514,-0.04071452706121012,0.044879461028757964,0.9601031743045242,1.045901780385494,0.0,0.095370256212399,0.9240207404723755,0.11400286030141449,complaint_type_sewer,0.002082466983773921
-0.0020714011717611175,0.9979307426991184,0.022074815552883497,-0.045337244620777414,0.041194442277255175,0.9556751311834415,1.042054705337789,0.0,-0.09383549170767785,0.9252398377522834,0.11210070992241612,complaint_type_dirty_condition,0.0020714011717611175
-0.0020673939033053613,0.9979347416835171,0.02237601721409997,-0.045923581760389576,0.04178879395377885,0.9551149476048922,1.0426742363903583,0.0,-0.09239329249365337,0.9263855684494733,0.11031531618084045,complaint_type_boilers,0.0020673939033053613
-0.0020518735180583315,0.9979502301353524,0.02190460226982794,-0.04498410506259541,0.040880358026478755,0.9560126774739991,1.041727463759798,0.0,-0.09367316935421575,0.9253687842927314,0.11189966197253717,complaint_type_root_sewer_sidewalk_condition,0.0020518735180583315
-0.002008372222102371,0.9979936432079185,0.02231724074471251,-0.045749360316048746,0.041732615871844,0.9552813636067726,1.0426156625969718,0.0,-0.08999195935896342,0.9282936044050654,0.10734691601504796,complaint_type_noise_vehicle,0.002008372222102371
-0.0019468848308390253,0.9980550091201323,0.022379911409778443,-0.0458107051712018,0.04191693550952375,0.9552227638073082,1.0428078548500002,0.0,-0.08699251731570189,0.930677459876813,0.10364682791951327,complaint_type_illegal_fireworks,0.0019468848308390253
0.0018915208817180942,1.0018933109358048,0.021800134246643517,-0.04083595709984142,0.04461899886327761,0.9599865960171746,1.0456293980170854,0.0,0.08676647860594365,0.9308571333001765,0.10336833300610042,complaint_type_street_light_condition,0.0018915208817180942
-0.0018694098699814723,0.9981323363883225,0.02211754589507355,-0.04521900325073734,0.0414801835107744,0.9557881382011864,1.0423525058796077,0.0,-0.08452157752266104,0.9326417478411252,0.10060508440823096,complaint_type_abandoned_bike,0.0018694098699814723
-0.0017310490272760104,0.9982704483739419,0.02229383510998907,-0.045426162920129146,0.04196406486557712,0.9555901579539374,1.0428570028708348,0.0,-0.07764698261809558,0.9381088684435386,0.09217273627300344,complaint_type_industrial_waste,0.0017310490272760104
-0.001712022006855475,0.99828944266685,0.021979494081441005,-0.044791038804891124,0.041366994791180174,0.9561972690825891,1.042234530010996,0.0,-0.07789178406526964,0.9379141349218251,0.0924722433542876,complaint_type_green_taxi_complaint,0.001712022006855475
-0.0017081522893933033,0.9982933057724132,0.022518912545153716,-0.04584440984890179,0.04242810527011518,0.9551905688744854,1.0433410429547147,0.0,-0.0758541197745765,0.9395351587565419,0.08998094450906248,complaint_type_dumpster_complaint,0.0017081522893933033
-0.0016913158867509083,0.9983101135819555,0.02288724955492489,-0.046549500719584073,0.04316686894608226,0.9545173101068083,1.0441121102020634,0.0,-0.073897734312377,0.9410917586783474,0.08759269888750482,complaint_type_snow_or_ice,0.0016913158867509083
-0.0016720730120559659,0.9983293241232103,0.021801530772503592,-0.04440228813400471,0.04105814210989278,0.956569063675461,1.0419126827861194,0.0,-0.07669521142821809,0.9388660140486448,0.09100880991559225,complaint_type_noise_commercial,0.0016720730120559659
-0.0016532011903850315,0.9983481645939605,0.02227056024554967,-0.04530269718719189,0.04199629480642182,0.9557081478768831,1.0428906146319965,0.0,-0.07423258203463431,0.9408253206474937,0.08800120660828369,complaint_type_emergency_response_team_ert,0.0016532011903850315
-0.0016392809374679589,0.9983620619496381,0.02177337404027079,-0.04431430987831807,0.04103574800338215,0.9566532246552408,1.041889350343782,0.0,-0.07528832850783891,0.9399853076276038,0.08928988786139594,complaint_type_noise,0.0016392809374679589
0.0016028661132575415,1.001604151389763,0.022181418514096087,-0.041871915300380744,0.04507764752689583,0.9589926049860993,1.0461090845385081,0.0,0.07226165956153502,0.9423936761340884,0.08559823678923573,complaint_type_noise_street_sidewalk,0.0016028661132575415
-0.0015900418304620847,0.9984112216163161,0.022229476472218165,-0.04515901511119018,0.041978931450266016,0.9558454758731713,1.0428725067080307,0.0,-0.07152853250724454,0.9429771170532921,0.08470533301593308,complaint_type_bike_rack,0.0015900418304620847
0.0015117047790702087,1.0015128479807283,0.02307533858384403,-0.04371512777633159,0.046738537334472,0.9572266059079995,1.0478480001284793,0.0,0.06551170521626122,0.9477665869424916,0.07739629454364513,complaint_type_general,0.0015117047790702087
0.0015052137640938004,1.0015063471669314,0.009599357067240601,-0.017309180362437816,0.020319607890625417,0.9828397628999028,1.0205274565369837,0.0,0.15680360190273493,0.8753996340626888,0.19198631399019947,business_category_sightseeing_bus,0.0015052137640938004
-0.001477300283998103,0.9985237903869175,0.02193418092381507,-0.04446750492506113,0.04151290435706492,0.9565066813449141,1.0423866130937385,0.0,-0.06735151356366,0.9463018680603235,0.07962762159336652,complaint_type_drug_activity,0.001477300283998103
-0.001451523870859707,0.9985495290803912,0.021859085508927293,-0.0442945442033386,0.04139149646161919,0.9566721337388222,1.0422600668108164,0.0,-0.0664036869368072,0.9470564349328396,0.07847769667856141,complaint_type_sanitation_worker_or_vehicle_complaint,0.001451523870859707
-0.0013895372468765578,0.9986114277130027,0.021934330351431372,-0.04438003476068583,0.04160096026693272,0.9565903508007946,1.0424784054367582,0.0,-0.06334988233574591,0.9494878951402056,0.07477848706921507,complaint_type_panhandling,0.0013895372468765578
-0.0013715721910767717,0.9986293679841723,0.021829422784339633,-0.04415645465168052,0.04141331026952697,0.9568042492865324,1.042282802719681,0.0,-0.06283135402282528,0.9499007982872887,0.07415123964575812,complaint_type_water_quality,0.0013715721910767717
-0.001314840710378227,0.9986860233139423,0.022419135816514994,-0.04525553947525959,0.04262585805450314,0.9557532179491043,1.0435473869529028,0.0,-0.05864814420766626,0.9532323631173955,0.0691001617012063,complaint_type_urinating_in_public,0.001314840710378227
-0.0013129518001401075,0.998687909743978,0.022326330194510424,-0.04507175488832968,0.042445851288049466,0.9559288868015913,1.0433595582678605,0.0,-0.05880732698573699,0.9531055724722977,0.06929206916081088,complaint_type_indoor_sewage,0.0013129518001401075
-0.0013120459298596317,0.9986888144260848,0.022513383011920293,-0.04543746580337929,0.04281337394366003,0.9555793570909876,1.043743087016907,0.0,-0.05827848836245246,0.9535268021868271,0.06865460381805169,complaint_type_bus_stop_shelter_complaint,0.0013120459298596317
-0.0012964587802635347,0.9987043812593561,0.021960573273507648,-0.044338391476191404,0.041745473915664334,0.956630187194371,1.0426290686810373,0.0,-0.05903574392693703,0.9529236382110431,0.06956748535674924,complaint_type_street_condition,0.0012964587802635347
-0.0012890776974759973,0.9987117528062794,0.022462876776979026,-0.04531550716951606,0.04273735177456406,0.9556959053508152,1.0436637424194655,0.0,-0.05738702617098014,0.9542368975865645,0.067580622633494,complaint_type_illegal_parking,0.0012890776974759973
-0.0012448201175288389,0.9987559543496429,0.022163295724055843,-0.04468408151538887,0.04219444128033119,0.9562995468202969,1.04309728020431,0.0,-0.056165839820371224,0.9552096940614365,0.06611061684474366,complaint_type_taxi_compliment,0.0012448201175288389
-0.001196751506541496,0.9988039643149608,0.021876348539140528,-0.044073606756502355,0.04168010374341936,0.956883521788418,1.0425609140668937,0.0,-0.05470526785584454,0.956373272507479,0.06435428286345687,complaint_type_illegal_animal_kept_as_pet,0.001196751506541496
-0.0011916960287747032,0.9988090137589594,0.021738295947738375,-0.04379797317161492,0.04141458111406551,0.9571473073762616,1.0422841272999301,0.0,-0.054820121670976045,0.956281769730858,0.0644923219758365,complaint_type_highway_condition,0.0011916960287747032
-0.0011776494505812843,0.9988230437064076,0.02155641261420385,-0.04342744181030575,0.04107214290914318,0.9575020261842003,1.0419272704985472,0.0,-0.05463104977890955,0.9564324015423945,0.06426508910307699,complaint_type_investigations_and_discipline_iad,0.0011776494505812843
-0.0011602573238234362,0.9988404155144583,0.02235638810057295,-0.04497797282534625,0.04265745817769937,0.9560185399885258,1.0435803636999237,0.0,-0.05189824575436231,0.9586097720791935,0.06098444800545733,complaint_type_for_hire_vehicle_report,0.0011602573238234362
-0.0011406217157307072,0.9988600285459608,0.022385713037107364,-0.04501581303670989,0.042734569605248476,0.955982364729349,1.043660838774265,0.0,-0.05095311075595276,0.9593628841753457,0.05985146924410814,complaint_type_unleashed_dog,0.0011406217157307072
-0.0011232246159855231,0.9988774059646668,0.022425556835738405,-0.04507650834728882,0.042830059115317766,0.9559243428436599,1.0437605021947678,0.0,-0.050086810517699185,0.9600532102285634,0.05881372654785913,complaint_type_violation_of_park_rules,0.0011232246159855231
-0.0010467701422551324,0.9989537775304977,0.021750142088968784,-0.04367626529526272,0.041582725010752455,0.9572638068317056,1.0424593957492967,0.0,-0.04812704845666421,0.9616149896264444,0.056468709974716993,complaint_type_bench,0.0010467701422551324
-0.0010280219723574654,0.9989725062612029,0.02214981223824352,-0.04444085622363928,0.04238481227892436,0.9565321713455094,1.043295874577877,0.0,-0.0464122206229134,0.9629816963616056,0.054419718230152604,complaint_type_standing_water,0.0010280219723574654
-0.0010000672726881699,0.9990004326279281,0.02178742816385916,-0.04370264178960576,0.04170250724422942,0.9572385579013105,1.042584271342818,0.0,-0.0459011162385414,0.9633890644869494,0.053809547026400034,complaint_type_unspecified,0.0010000672726881699
0.0009904286834357017,1.000990919319891,0.017830038946384477,-0.03395580549442437,0.035936662861295765,0.9666142227312032,1.0365901897550627,0.0,0.0555483185658738,0.955701636695871,0.06536780559719281,business_latitude,0.0009904286834357017
-0.0009537351005343143,0.9990467195602333,0.02238066928652336,-0.044819040852021846,0.04291157065095322,0.9561704939764747,1.043845584183672,0.0,-0.042614235004518435,0.9660090479060433,0.04989139308506325,complaint_type_maintenance_or_facility,0.0009537351005343143
-0.000950512480318344,0.9990499391135761,0.022010341761606197,-0.044089989620484375,0.04218896465984769,0.9568678454242461,1.043091567572022,0.0,-0.043184812421966715,0.9655542117259392,0.0505708323012619,complaint_type_non_emergency_police_matter,0.000950512480318344
-0.0009451914363993878,0.9990552551163226,0.022471040813875673,-0.04498762212672533,0.043097239253926556,0.9560093151220163,1.0440394115282765,0.0,-0.04206264606202577,0.9664487579252568,0.049234853549574076,complaint_type_noise_park,0.0009451914363993878
-0.0009279099734284724,0.9990725204019041,0.022068269546110197,-0.04418092348492655,0.0423251035380696,0.9567808376893359,1.0432335825545749,0.0,-0.042047246681017086,0.9664610339929677,0.04921652820187036,complaint_type_noise_helicopter,0.0009279099734284724
-0.0009226879028043277,0.9990777376427866,0.022533985276773055,-0.04508848747343536,0.0432431116678267,0.9559128917739574,1.0441917191859158,0.0,-0.04094650331361447,0.967338544229409,0.047907209731028216,complaint_type_litter_basket_complaint,0.0009226879028043277
-0.0008977806907710013,0.999102622193737,0.021919208666662294,-0.04385864024704732,0.04206307886550531,0.9570892418097171,1.0429602654261771,0.0,-0.04095862694790017,0.9673288790769652,0.04792162447470176,complaint_type_found_property,0.0008977806907710013
-0.0008952193212920127,0.9991051812679773,0.02251494820820463,-0.04502370692315771,0.04323326828057369,0.9559748183429011,1.0441814408530443,0.0,-0.03976110950882789,0.9682835818124649,0.046498462512738196,complaint_type_day_care,0.0008952193212920127
-0.000892888883937565,0.9991075096227258,0.02192579158824606,-0.04386665072943111,0.042080872961555986,0.957081575093913,1.0429788241264344,0.0,-0.04072322225375084,0.9675165482679168,0.04764175776479708,complaint_type_mold,0.000892888883937565
-0.0008876208394374244,0.9991127729794107,0.022840574987318625,-0.04565432520076833,0.043879083521893486,0.9553721531953194,1.0448560069413355,0.0,-0.03886158032055859,0.9690007478777621,0.04543031577009961,complaint_type_water_conservation,0.0008876208394374244
0.0008866906166303945,1.00088708384297,0.022139135915357235,-0.04250521842630699,0.04427859965956778,0.9583854642439786,1.0452735271751366,0.0,0.04005082312247447,0.9680526077786022,0.04684264354555622,complaint_type_electric,0.0008866906166303945
-0.0008829681934176412,0.9991174215082912,0.021969918268193726,-0.04394321674236594,0.04217728035553066,0.9570082979789587,1.0430793798439189,0.0,-0.04018987156160391,0.9679417524305457,0.04700786144531778,complaint_type_cooling_tower,0.0008829681934176412
-0.000853339942985124,0.9991470240480006,0.021979723232965185,-0.04393280586975516,0.04222612598378492,0.9570182613222997,1.0431303309559055,0.0,-0.03882396215550544,0.969030740196707,0.045385662450402584,complaint_type_scaffold_safety,0.000853339942985124
-0.0008483115199548942,0.9991520481945387,0.021995503185688013,-0.04395870558573943,0.04226208254582964,0.9569934751421187,1.0431678390106978,0.0,-0.03856749776503734,0.9692352160294593,0.045081270506624055,complaint_type_institution_disposal_complaint,0.0008483115199548942
-0.0008320670843926823,0.9991682789874321,0.022654574666566212,-0.04523421751593596,0.0435700833471506,0.9557735966975975,1.0445331961294766,0.0,-0.036728435498753945,0.9707015356849867,0.042900320538654946,complaint_type_electrical,0.0008320670843926823
-0.000795042993331403,0.9992052729696089,0.022331484106904716,-0.04456394756419326,0.04297386157753045,0.9564144377643963,1.0439106083174998,0.0,-0.03560188787836013,0.971599802968332,0.041565897479083645,complaint_type_new_tree_request,0.000795042993331403
-0.0007385969806217907,0.9992616757149866,0.022133596461033724,-0.04411964889259109,0.0426424549313475,0.9568394658413094,1.043564706724092,0.0,-0.03336994879806783,0.9733795736956429,0.03892559481090945,complaint_type_noise_house_of_worship,0.0007385969806217907
-0.0007232648262652719,0.9992769966666925,0.022156005728819744,-0.044148238096015084,0.04270170844348454,0.9568121109542054,1.0436265434301106,0.0,-0.03264418844794189,0.9739583313067346,0.03806804383545898,complaint_type_mosquitoes,0.0007232648262652719
-0.0007192499230474518,0.9992810086751758,0.02216827228650717,-0.0441682652040789,0.042729765357984,0.9567929489665428,1.0436558247815793,0.0,-0.03244501482802639,0.9741171647261505,0.03783278787387721,complaint_type_borough_office,0.0007192499230474518
-0.0006999885625244825,0.9993002563723155,0.022385951241888136,-0.044575646756294926,0.04317566963124596,0.9564032485536126,1.0441212991444553,0.0,-0.031269100649816396,0.9750549324618483,0.03644459545296804,complaint_type_obstruction,0.0006999885625244825
0.0006675093237568446,1.000667732157684,0.022186705007289233,-0.04281763342614453,0.04415265207365822,0.9580860970151639,1.0451418857879053,0.0,0.03008600526926106,0.9759984618569338,0.03504922073969494,complaint_type_consumer_complaint,0.0006675093237568446
-0.0006201841581980781,0.9993800081162464,0.022786136508684097,-0.045280191062032155,0.044039822745636004,0.9557296574061226,1.0450239697835608,0.0,-0.027217609179235706,0.9782861708147903,0.03167154706729389,complaint_type_lot_condition,0.0006201841581980781
-0.0006019500407407616,0.9993982310948384,0.021782916806540143,-0.04329568245979169,0.04209178237831017,0.957628194341021,1.0429902024791582,0.0,-0.027634042129749632,0.9779540303328921,0.03216144338006399,complaint_type_water_leak,0.0006019500407407616
-0.0005692239336905772,0.9994309380435176,0.022252459258844382,-0.04418324264847043,0.043044794781089274,0.9567786187606707,1.0439846588674673,0.0,-0.02558027079475881,0.9795921225459396,0.029746922465261828,complaint_type_taxi_complaint,0.0005692239336905772
-0.0005117507327244974,0.9994883801893476,0.022920433277623782,-0.04543497446692046,0.04441147300147146,0.9555817377636447,1.0454124253896264,0.0,-0.022327271327113058,0.9821868949285965,0.025930521740880716,complaint_type_construction_safety_enforcement,0.0005117507327244974
-0.0004840736752631348,0.9995160434694954,0.02269824335046879,-0.044971813154507725,0.04400366580398146,0.9560244287661841,1.0449861855959421,0.0,-0.02132648186861285,0.9829852191643496,0.02475837150422787,complaint_type_harboring_bees_wasps,0.0004840736752631348
0.00047875710143838635,1.0004788717239108,0.022100708377972074,-0.04283783535220951,0.04379534955508629,0.9580667420261728,1.0447685206659696,0.0,0.021662522904268844,0.9827171591423096,0.025151848025518956,complaint_type_rodent,0.00047875710143838635
-0.00047835036828045485,0.9995217640230165,0.02249997689709569,-0.04457749473957129,0.043620794003010374,0.9564014811380369,1.044586166435988,0.0,-0.02126003819773702,0.9830382215264196,0.024680583779677096,complaint_type_tattooing,0.00047835036828045485
-0.00047061538099086274,0.9995294953410577,0.023045733452755787,-0.04563942294570211,0.044698192183720384,0.9553863905009132,1.0457122081600287,0.0,-0.020420933096168697,0.9837075851354776,0.023698568113642113,complaint_type_cannabis_retailer,0.00047061538099086274
-0.0004419690186377846,0.9995581286352817,0.02237148604298362,-0.04428927594352617,0.0434053379062506,0.956677173749454,1.0443611282216363,0.0,-0.019755907935154783,0.9842380913819466,0.022920743035832667,complaint_type_flooring_stairs,0.0004419690186377846
-0.0004316631092795566,0.9995684300438363,0.02208065835567005,-0.043708958241326264,0.04284563202276715,0.9572325115692701,1.0437767567070324,0.0,-0.01954937675890043,0.9844028475988431,0.022679263776796035,complaint_type_unsanitary_condition,0.0004316631092795566
-0.0003582848681081042,0.9996417793082505,0.02227464506614843,-0.04401578696617184,0.043299217229955625,0.9569388501925413,1.0442503057927928,0.0,-0.016084874396162768,0.9871666804387849,0.018634394460978237,complaint_type_noise_residential,0.0003582848681081042
-0.00034984491761371606,0.9996502162709837,0.02268893003963218,-0.04481933064304173,0.044119640807814296,0.9561702168868921,1.0451073849007309,0.0,-0.01541918975476675,0.9876977540359063,0.017858465490859364,complaint_type_building_drinking_water_tank,0.00034984491761371606
-0.00030257684318098335,0.9996974689285754,0.022756279118563375,-0.044904064337706086,0.04429891065134412,0.9560892004841453,1.0452947579327592,0.0,-0.013296411140174366,0.9893913114311409,0.015386864695702406,complaint_type_tobacco_or_non_tobacco_sale,0.00030257684318098335
-9.989345409169017e-05,0.9999001115350933,0.023108118081244782,-0.04539097264383028,0.0451911857356469,0.9556237860273114,1.0462278646330367,0.0,-0.004322872755820241,0.9965508573123055,0.004984662407047297,complaint_type_unsanitary_pigeon_condition,9.989345409169017e-05
-8.482913636673385e-05,0.9999151744615227,0.023087131764902756,-0.045334775901906786,0.04516511762917332,0.9556774904795842,1.0462005918091428,0.0,-0.0036743038169726994,0.9970683363092318,0.004235708542854049,complaint_type_disorderly_youth,8.482913636673385e-05
-7.671904426648205e-05,0.9999232838985641,0.023099745733951432,-0.045351388734844046,0.04519795064631108,0.9556616141009692,1.046234942295015,0.0,-0.0033212073046207735,0.997350064840067,0.0038281226954890012,complaint_type_outside_building,7.671904426648205e-05
-2.9280261040471205e-05,0.9999707201676221,0.02253731214312473,-0.044201600369902165,0.04414303984782122,0.9567610546465346,1.04513183969635,0.0,-0.0012991904648844068,0.9989633962781397,0.0014962787069879005,complaint_type_graffiti,2.9280261040471205e-05
-1.6429120369455866e-05,0.9999835710145878,0.0231941190190479,-0.04547606705083883,0.045443208810099917,0.9555424712476817,1.0464915714247625,0.0,-0.0007083312953582605,0.9994348334427606,0.0008155934842017329,complaint_type_bike_roller_skate,1.6429120369455866e-05
4.827179644894563e-06,1.0000048271912958,0.022150400486919453,-0.04340916001785571,0.0434188143771455,0.9575195311975245,1.0443752026188213,0.0,0.00021792742066876727,0.9998261190770491,0.0002508789574109441,complaint_type_heat_hot_water,4.827179644894563e-06
